START DATE,START TIME,START TIME ET,SUBJECT,LOCATION,DESCRIPTION,END DATE,END DATE ET,END TIME,END TIME ET,REMINDER OFF,REMINDER ON,REMINDER DATE,REMINDER TIME,REMINDER TIME ET,SHOWTIMEAS FREE,SHOWTIMEAS BUSY
02/23/18,12:05 PM,03:05 PM,Brewers at Giants,Scottsdale Stadium - Scottsdale,"",02/23/18,02/23/18,03:05 PM,06:05 PM,FALSE,TRUE,02/23/18,11:05 AM,02:05 PM,FREE,BUSY
02/24/18,12:05 PM,03:05 PM,Giants at Dodgers,Camelback Ranch - Glendale,"",02/24/18,02/24/18,03:05 PM,06:05 PM,FALSE,TRUE,02/24/18,11:05 AM,02:05 PM,FREE,BUSY
02/25/18,12:05 PM,03:05 PM,Cubs at Giants,Scottsdale Stadium - Scottsdale,"Local TV: NBCS BA",02/25/18,02/25/18,03:05 PM,06:05 PM,FALSE,TRUE,02/25/18,11:05 AM,02:05 PM,FREE,BUSY
02/26/18,12:05 PM,03:05 PM,Royals at Giants,Scottsdale Stadium - Scottsdale,"",02/26/18,02/26/18,03:05 PM,06:05 PM,FALSE,TRUE,02/26/18,11:05 AM,02:05 PM,FREE,BUSY
02/27/18,12:05 PM,03:05 PM,D-backs at Giants,Scottsdale Stadium - Scottsdale,"",02/27/18,02/27/18,03:05 PM,06:05 PM,FALSE,TRUE,02/27/18,11:05 AM,02:05 PM,FREE,BUSY
02/28/18,12:05 PM,03:05 PM,Giants at Brewers,Maryvale Baseball Park - Phoenix,"",02/28/18,02/28/18,03:05 PM,06:05 PM,FALSE,TRUE,02/28/18,11:05 AM,02:05 PM,FREE,BUSY
03/01/18,12:05 PM,03:05 PM,Angels at Giants,Scottsdale Stadium - Scottsdale,"",03/01/18,03/01/18,03:05 PM,06:05 PM,FALSE,TRUE,03/01/18,11:05 AM,02:05 PM,FREE,BUSY
03/02/18,12:05 PM,03:05 PM,Reds at Giants,Scottsdale Stadium - Scottsdale,"",03/02/18,03/02/18,03:05 PM,06:05 PM,FALSE,TRUE,03/02/18,11:05 AM,02:05 PM,FREE,BUSY
03/03/18,12:05 PM,03:05 PM,Giants at Indians,Goodyear Ballpark - Goodyear,"",03/03/18,03/03/18,03:05 PM,06:05 PM,FALSE,TRUE,03/03/18,11:05 AM,02:05 PM,FREE,BUSY
03/03/18,12:05 PM,03:05 PM,Rangers at Giants,Scottsdale Stadium - Scottsdale,"",03/03/18,03/03/18,03:05 PM,06:05 PM,FALSE,TRUE,03/03/18,11:05 AM,02:05 PM,FREE,BUSY
03/04/18,12:05 PM,03:05 PM,Dodgers at Giants,Scottsdale Stadium - Scottsdale,"Local TV: NBCS BA",03/04/18,03/04/18,03:05 PM,06:05 PM,FALSE,TRUE,03/04/18,11:05 AM,02:05 PM,FREE,BUSY
03/05/18,12:05 PM,03:05 PM,Giants at Rangers,Surprise Stadium - Surprise,"",03/05/18,03/05/18,03:05 PM,06:05 PM,FALSE,TRUE,03/05/18,11:05 AM,02:05 PM,FREE,BUSY
03/07/18,12:05 PM,03:05 PM,Padres at Giants,Scottsdale Stadium - Scottsdale,"Local TV: NBCS BA",03/07/18,03/07/18,03:05 PM,06:05 PM,FALSE,TRUE,03/07/18,11:05 AM,02:05 PM,FREE,BUSY
03/08/18,05:40 PM,08:40 PM,Giants at Mariners,Peoria Stadium - Peoria,"",03/08/18,03/08/18,08:40 PM,11:40 PM,FALSE,TRUE,03/08/18,04:40 PM,07:40 PM,FREE,BUSY
03/09/18,12:05 PM,03:05 PM,Mariners at Giants,Scottsdale Stadium - Scottsdale,"",03/09/18,03/09/18,03:05 PM,06:05 PM,FALSE,TRUE,03/09/18,11:05 AM,02:05 PM,FREE,BUSY
03/10/18,12:05 PM,03:05 PM,Angels at Giants,Scottsdale Stadium - Scottsdale,"",03/10/18,03/10/18,03:05 PM,06:05 PM,FALSE,TRUE,03/10/18,11:05 AM,02:05 PM,FREE,BUSY
03/10/18,12:10 PM,03:10 PM,Giants at Angels,Tempe Diablo Stadium - Tempe,"",03/10/18,03/10/18,03:10 PM,06:10 PM,FALSE,TRUE,03/10/18,11:10 AM,02:10 PM,FREE,BUSY
03/11/18,03:05 PM,06:05 PM,Padres at Giants,Scottsdale Stadium - Scottsdale,"Local TV: NBC Bay Area",03/11/18,03/11/18,06:05 PM,09:05 PM,FALSE,TRUE,03/11/18,02:05 PM,05:05 PM,FREE,BUSY
03/12/18,01:05 PM,04:05 PM,Giants at Athletics,Hohokam Stadium - Mesa,"",03/12/18,03/12/18,04:05 PM,07:05 PM,FALSE,TRUE,03/12/18,12:05 PM,03:05 PM,FREE,BUSY
03/13/18,07:05 PM,10:05 PM,Giants at Cubs,Sloan Park - Mesa,"",03/13/18,03/14/18,10:05 PM,01:05 AM,FALSE,TRUE,03/13/18,06:05 PM,09:05 PM,FREE,BUSY
03/14/18,06:40 PM,09:40 PM,Giants at Mariners,Peoria Stadium - Peoria,"",03/14/18,03/15/18,09:40 PM,12:40 AM,FALSE,TRUE,03/14/18,05:40 PM,08:40 PM,FREE,BUSY
03/15/18,06:40 PM,09:40 PM,Giants at Padres,Peoria Stadium - Peoria,"",03/15/18,03/16/18,09:40 PM,12:40 AM,FALSE,TRUE,03/15/18,05:40 PM,08:40 PM,FREE,BUSY
03/17/18,01:05 PM,04:05 PM,Giants at Reds,Goodyear Ballpark - Goodyear,"",03/17/18,03/17/18,04:05 PM,07:05 PM,FALSE,TRUE,03/17/18,12:05 PM,03:05 PM,FREE,BUSY
03/17/18,04:05 PM,07:05 PM,Athletics at Giants,Scottsdale Stadium - Scottsdale,"Local TV: NBC Bay Area",03/17/18,03/17/18,07:05 PM,10:05 PM,FALSE,TRUE,03/17/18,03:05 PM,06:05 PM,FREE,BUSY
03/18/18,01:10 PM,04:10 PM,Giants at Rockies,Salt River Fields at Talking Stick - Scottsdale,"",03/18/18,03/18/18,04:10 PM,07:10 PM,FALSE,TRUE,03/18/18,12:10 PM,03:10 PM,FREE,BUSY
03/19/18,01:05 PM,04:05 PM,Indians at Giants,Scottsdale Stadium - Scottsdale,"",03/19/18,03/19/18,04:05 PM,07:05 PM,FALSE,TRUE,03/19/18,12:05 PM,03:05 PM,FREE,BUSY
03/20/18,06:05 PM,09:05 PM,Giants at Royals,Surprise Stadium - Surprise,"",03/20/18,03/21/18,09:05 PM,12:05 AM,FALSE,TRUE,03/20/18,05:05 PM,08:05 PM,FREE,BUSY
03/21/18,06:40 PM,09:40 PM,Giants at D-backs,Salt River Fields at Talking Stick - Scottsdale,"",03/21/18,03/22/18,09:40 PM,12:40 AM,FALSE,TRUE,03/21/18,05:40 PM,08:40 PM,FREE,BUSY
03/22/18,07:05 PM,10:05 PM,Cubs at Giants,Scottsdale Stadium - Scottsdale,"Local TV: NBCS BA",03/22/18,03/23/18,10:05 PM,01:05 AM,FALSE,TRUE,03/22/18,06:05 PM,09:05 PM,FREE,BUSY
03/23/18,01:05 PM,04:05 PM,Royals at Giants,Scottsdale Stadium - Scottsdale,"Local TV: NBC Bay Area",03/23/18,03/23/18,04:05 PM,07:05 PM,FALSE,TRUE,03/23/18,12:05 PM,03:05 PM,FREE,BUSY
03/24/18,06:05 PM,09:05 PM,Giants at River Cats,Raley Field - Sacramento,"",03/24/18,03/25/18,09:05 PM,12:05 AM,FALSE,TRUE,03/24/18,05:05 PM,08:05 PM,FREE,BUSY
03/25/18,01:05 PM,04:05 PM,Giants at Athletics,Oakland Coliseum - Oakland,"",03/25/18,03/25/18,04:05 PM,07:05 PM,FALSE,TRUE,03/25/18,12:05 PM,03:05 PM,FREE,BUSY
03/26/18,07:15 PM,10:15 PM,Athletics at Giants,AT&T Park - San Francisco,"Local TV: NBCS BA",03/26/18,03/27/18,10:15 PM,01:15 AM,FALSE,TRUE,03/26/18,06:15 PM,09:15 PM,FREE,BUSY
03/27/18,06:05 PM,09:05 PM,Athletics at Giants,AT&T Park - San Francisco,"Local TV: NBCS BA+",03/27/18,03/28/18,09:05 PM,12:05 AM,FALSE,TRUE,03/27/18,05:05 PM,08:05 PM,FREE,BUSY
03/29/18,04:08 PM,07:08 PM,Giants at Dodgers,Dodger Stadium - Los Angeles,"",03/29/18,03/29/18,07:08 PM,10:08 PM,FALSE,TRUE,03/29/18,03:08 PM,06:08 PM,FREE,BUSY
03/30/18,07:10 PM,10:10 PM,Giants at Dodgers,Dodger Stadium - Los Angeles,"",03/30/18,03/31/18,10:10 PM,01:10 AM,FALSE,TRUE,03/30/18,06:10 PM,09:10 PM,FREE,BUSY
03/31/18,06:10 PM,09:10 PM,Giants at Dodgers,Dodger Stadium - Los Angeles,"",03/31/18,04/01/18,09:10 PM,12:10 AM,FALSE,TRUE,03/31/18,05:10 PM,08:10 PM,FREE,BUSY
04/01/18,05:37 PM,08:37 PM,Giants at Dodgers,Dodger Stadium - Los Angeles,"Local TV: ESPN",04/01/18,04/01/18,08:37 PM,11:37 PM,FALSE,TRUE,04/01/18,04:37 PM,07:37 PM,FREE,BUSY
04/03/18,01:35 PM,04:35 PM,Mariners at Giants,AT&T Park - San Francisco,"",04/03/18,04/03/18,04:35 PM,07:35 PM,FALSE,TRUE,04/03/18,12:35 PM,03:35 PM,FREE,BUSY
04/04/18,04:15 PM,07:15 PM,Mariners at Giants,AT&T Park - San Francisco,"",04/04/18,04/04/18,07:15 PM,10:15 PM,FALSE,TRUE,04/04/18,03:15 PM,06:15 PM,FREE,BUSY
04/06/18,07:15 PM,10:15 PM,Dodgers at Giants,AT&T Park - San Francisco,"",04/06/18,04/07/18,10:15 PM,01:15 AM,FALSE,TRUE,04/06/18,06:15 PM,09:15 PM,FREE,BUSY
04/07/18,01:05 PM,04:05 PM,Dodgers at Giants,AT&T Park - San Francisco,"",04/07/18,04/07/18,04:05 PM,07:05 PM,FALSE,TRUE,04/07/18,12:05 PM,03:05 PM,FREE,BUSY
04/08/18,01:05 PM,04:05 PM,Dodgers at Giants,AT&T Park - San Francisco,"",04/08/18,04/08/18,04:05 PM,07:05 PM,FALSE,TRUE,04/08/18,12:05 PM,03:05 PM,FREE,BUSY
04/09/18,07:15 PM,10:15 PM,D-backs at Giants,AT&T Park - San Francisco,"",04/09/18,04/10/18,10:15 PM,01:15 AM,FALSE,TRUE,04/09/18,06:15 PM,09:15 PM,FREE,BUSY
04/10/18,07:15 PM,10:15 PM,D-backs at Giants,AT&T Park - San Francisco,"",04/10/18,04/11/18,10:15 PM,01:15 AM,FALSE,TRUE,04/10/18,06:15 PM,09:15 PM,FREE,BUSY
04/11/18,12:45 PM,03:45 PM,D-backs at Giants,AT&T Park - San Francisco,"",04/11/18,04/11/18,03:45 PM,06:45 PM,FALSE,TRUE,04/11/18,11:45 AM,02:45 PM,FREE,BUSY
04/12/18,07:10 PM,10:10 PM,Giants at Padres,Petco Park - San Diego,"",04/12/18,04/13/18,10:10 PM,01:10 AM,FALSE,TRUE,04/12/18,06:10 PM,09:10 PM,FREE,BUSY
04/13/18,07:10 PM,10:10 PM,Giants at Padres,Petco Park - San Diego,"",04/13/18,04/14/18,10:10 PM,01:10 AM,FALSE,TRUE,04/13/18,06:10 PM,09:10 PM,FREE,BUSY
04/14/18,05:40 PM,08:40 PM,Giants at Padres,Petco Park - San Diego,"",04/14/18,04/14/18,08:40 PM,11:40 PM,FALSE,TRUE,04/14/18,04:40 PM,07:40 PM,FREE,BUSY
04/15/18,01:10 PM,04:10 PM,Giants at Padres,Petco Park - San Diego,"",04/15/18,04/15/18,04:10 PM,07:10 PM,FALSE,TRUE,04/15/18,12:10 PM,03:10 PM,FREE,BUSY
04/17/18,06:40 PM,09:40 PM,Giants at D-backs,Chase Field - Phoenix,"",04/17/18,04/18/18,09:40 PM,12:40 AM,FALSE,TRUE,04/17/18,05:40 PM,08:40 PM,FREE,BUSY
04/18/18,06:40 PM,09:40 PM,Giants at D-backs,Chase Field - Phoenix,"",04/18/18,04/19/18,09:40 PM,12:40 AM,FALSE,TRUE,04/18/18,05:40 PM,08:40 PM,FREE,BUSY
04/19/18,06:40 PM,09:40 PM,Giants at D-backs,Chase Field - Phoenix,"",04/19/18,04/20/18,09:40 PM,12:40 AM,FALSE,TRUE,04/19/18,05:40 PM,08:40 PM,FREE,BUSY
04/20/18,07:07 PM,10:07 PM,Giants at Angels,Angel Stadium of Anaheim - Anaheim,"",04/20/18,04/21/18,10:07 PM,01:07 AM,FALSE,TRUE,04/20/18,06:07 PM,09:07 PM,FREE,BUSY
04/21/18,06:07 PM,09:07 PM,Giants at Angels,Angel Stadium of Anaheim - Anaheim,"",04/21/18,04/22/18,09:07 PM,12:07 AM,FALSE,TRUE,04/21/18,05:07 PM,08:07 PM,FREE,BUSY
04/22/18,01:07 PM,04:07 PM,Giants at Angels,Angel Stadium of Anaheim - Anaheim,"",04/22/18,04/22/18,04:07 PM,07:07 PM,FALSE,TRUE,04/22/18,12:07 PM,03:07 PM,FREE,BUSY
04/23/18,07:15 PM,10:15 PM,Nationals at Giants,AT&T Park - San Francisco,"",04/23/18,04/24/18,10:15 PM,01:15 AM,FALSE,TRUE,04/23/18,06:15 PM,09:15 PM,FREE,BUSY
04/24/18,07:15 PM,10:15 PM,Nationals at Giants,AT&T Park - San Francisco,"",04/24/18,04/25/18,10:15 PM,01:15 AM,FALSE,TRUE,04/24/18,06:15 PM,09:15 PM,FREE,BUSY
04/25/18,12:45 PM,03:45 PM,Nationals at Giants,AT&T Park - San Francisco,"",04/25/18,04/25/18,03:45 PM,06:45 PM,FALSE,TRUE,04/25/18,11:45 AM,02:45 PM,FREE,BUSY
04/27/18,07:15 PM,10:15 PM,Dodgers at Giants,AT&T Park - San Francisco,"",04/27/18,04/28/18,10:15 PM,01:15 AM,FALSE,TRUE,04/27/18,06:15 PM,09:15 PM,FREE,BUSY
04/28/18,06:05 PM,09:05 PM,Dodgers at Giants,AT&T Park - San Francisco,"",04/28/18,04/29/18,09:05 PM,12:05 AM,FALSE,TRUE,04/28/18,05:05 PM,08:05 PM,FREE,BUSY
04/29/18,01:05 PM,04:05 PM,Dodgers at Giants,AT&T Park - San Francisco,"",04/29/18,04/29/18,04:05 PM,07:05 PM,FALSE,TRUE,04/29/18,12:05 PM,03:05 PM,FREE,BUSY
04/30/18,07:15 PM,10:15 PM,Padres at Giants,AT&T Park - San Francisco,"",04/30/18,05/01/18,10:15 PM,01:15 AM,FALSE,TRUE,04/30/18,06:15 PM,09:15 PM,FREE,BUSY
05/01/18,07:15 PM,10:15 PM,Padres at Giants,AT&T Park - San Francisco,"",05/01/18,05/02/18,10:15 PM,01:15 AM,FALSE,TRUE,05/01/18,06:15 PM,09:15 PM,FREE,BUSY
05/02/18,12:45 PM,03:45 PM,Padres at Giants,AT&T Park - San Francisco,"",05/02/18,05/02/18,03:45 PM,06:45 PM,FALSE,TRUE,05/02/18,11:45 AM,02:45 PM,FREE,BUSY
05/04/18,04:35 PM,07:35 PM,Giants at Braves,SunTrust Park - Atlanta,"",05/04/18,05/04/18,07:35 PM,10:35 PM,FALSE,TRUE,05/04/18,03:35 PM,06:35 PM,FREE,BUSY
05/05/18,04:10 PM,07:10 PM,Giants at Braves,SunTrust Park - Atlanta,"",05/05/18,05/05/18,07:10 PM,10:10 PM,FALSE,TRUE,05/05/18,03:10 PM,06:10 PM,FREE,BUSY
05/06/18,10:35 AM,01:35 PM,Giants at Braves,SunTrust Park - Atlanta,"",05/06/18,05/06/18,01:35 PM,04:35 PM,FALSE,TRUE,05/06/18,09:35 AM,12:35 PM,FREE,BUSY
05/07/18,04:05 PM,07:05 PM,Giants at Phillies,Citizens Bank Park - Philadelphia,"",05/07/18,05/07/18,07:05 PM,10:05 PM,FALSE,TRUE,05/07/18,03:05 PM,06:05 PM,FREE,BUSY
05/08/18,04:05 PM,07:05 PM,Giants at Phillies,Citizens Bank Park - Philadelphia,"",05/08/18,05/08/18,07:05 PM,10:05 PM,FALSE,TRUE,05/08/18,03:05 PM,06:05 PM,FREE,BUSY
05/09/18,04:05 PM,07:05 PM,Giants at Phillies,Citizens Bank Park - Philadelphia,"",05/09/18,05/09/18,07:05 PM,10:05 PM,FALSE,TRUE,05/09/18,03:05 PM,06:05 PM,FREE,BUSY
05/10/18,10:05 AM,01:05 PM,Giants at Phillies,Citizens Bank Park - Philadelphia,"",05/10/18,05/10/18,01:05 PM,04:05 PM,FALSE,TRUE,05/10/18,09:05 AM,12:05 PM,FREE,BUSY
05/11/18,04:05 PM,07:05 PM,Giants at Pirates,PNC Park - Pittsburgh,"",05/11/18,05/11/18,07:05 PM,10:05 PM,FALSE,TRUE,05/11/18,03:05 PM,06:05 PM,FREE,BUSY
05/12/18,04:05 PM,07:05 PM,Giants at Pirates,PNC Park - Pittsburgh,"",05/12/18,05/12/18,07:05 PM,10:05 PM,FALSE,TRUE,05/12/18,03:05 PM,06:05 PM,FREE,BUSY
05/13/18,10:35 AM,01:35 PM,Giants at Pirates,PNC Park - Pittsburgh,"",05/13/18,05/13/18,01:35 PM,04:35 PM,FALSE,TRUE,05/13/18,09:35 AM,12:35 PM,FREE,BUSY
05/14/18,07:15 PM,10:15 PM,Reds at Giants,AT&T Park - San Francisco,"",05/14/18,05/15/18,10:15 PM,01:15 AM,FALSE,TRUE,05/14/18,06:15 PM,09:15 PM,FREE,BUSY
05/15/18,07:15 PM,10:15 PM,Reds at Giants,AT&T Park - San Francisco,"",05/15/18,05/16/18,10:15 PM,01:15 AM,FALSE,TRUE,05/15/18,06:15 PM,09:15 PM,FREE,BUSY
05/16/18,12:45 PM,03:45 PM,Reds at Giants,AT&T Park - San Francisco,"",05/16/18,05/16/18,03:45 PM,06:45 PM,FALSE,TRUE,05/16/18,11:45 AM,02:45 PM,FREE,BUSY
05/17/18,07:15 PM,10:15 PM,Rockies at Giants,AT&T Park - San Francisco,"",05/17/18,05/18/18,10:15 PM,01:15 AM,FALSE,TRUE,05/17/18,06:15 PM,09:15 PM,FREE,BUSY
05/18/18,07:15 PM,10:15 PM,Rockies at Giants,AT&T Park - San Francisco,"",05/18/18,05/19/18,10:15 PM,01:15 AM,FALSE,TRUE,05/18/18,06:15 PM,09:15 PM,FREE,BUSY
05/19/18,01:05 PM,04:05 PM,Rockies at Giants,AT&T Park - San Francisco,"",05/19/18,05/19/18,04:05 PM,07:05 PM,FALSE,TRUE,05/19/18,12:05 PM,03:05 PM,FREE,BUSY
05/20/18,01:05 PM,04:05 PM,Rockies at Giants,AT&T Park - San Francisco,"",05/20/18,05/20/18,04:05 PM,07:05 PM,FALSE,TRUE,05/20/18,12:05 PM,03:05 PM,FREE,BUSY
05/22/18,05:10 PM,08:10 PM,Giants at Astros,Minute Maid Park - Houston,"",05/22/18,05/22/18,08:10 PM,11:10 PM,FALSE,TRUE,05/22/18,04:10 PM,07:10 PM,FREE,BUSY
05/23/18,11:10 AM,02:10 PM,Giants at Astros,Minute Maid Park - Houston,"",05/23/18,05/23/18,02:10 PM,05:10 PM,FALSE,TRUE,05/23/18,10:10 AM,01:10 PM,FREE,BUSY
05/25/18,11:20 AM,02:20 PM,Giants at Cubs,Wrigley Field - Chicago,"",05/25/18,05/25/18,02:20 PM,05:20 PM,FALSE,TRUE,05/25/18,10:20 AM,01:20 PM,FREE,BUSY
05/26/18,04:15 PM,07:15 PM,Giants at Cubs,Wrigley Field - Chicago,"Local TV: FOX",05/26/18,05/26/18,07:15 PM,10:15 PM,FALSE,TRUE,05/26/18,03:15 PM,06:15 PM,FREE,BUSY
05/27/18,05:08 PM,08:08 PM,Giants at Cubs,Wrigley Field - Chicago,"Local TV: ESPN",05/27/18,05/27/18,08:08 PM,11:08 PM,FALSE,TRUE,05/27/18,04:08 PM,07:08 PM,FREE,BUSY
05/28/18,04:10 PM,07:10 PM,Giants at Rockies,Coors Field - Denver,"",05/28/18,05/28/18,07:10 PM,10:10 PM,FALSE,TRUE,05/28/18,03:10 PM,06:10 PM,FREE,BUSY
05/29/18,05:40 PM,08:40 PM,Giants at Rockies,Coors Field - Denver,"",05/29/18,05/29/18,08:40 PM,11:40 PM,FALSE,TRUE,05/29/18,04:40 PM,07:40 PM,FREE,BUSY
05/30/18,05:40 PM,08:40 PM,Giants at Rockies,Coors Field - Denver,"",05/30/18,05/30/18,08:40 PM,11:40 PM,FALSE,TRUE,05/30/18,04:40 PM,07:40 PM,FREE,BUSY
06/01/18,07:15 PM,10:15 PM,Phillies at Giants,AT&T Park - San Francisco,"",06/01/18,06/02/18,10:15 PM,01:15 AM,FALSE,TRUE,06/01/18,06:15 PM,09:15 PM,FREE,BUSY
06/02/18,07:05 PM,10:05 PM,Phillies at Giants,AT&T Park - San Francisco,"",06/02/18,06/03/18,10:05 PM,01:05 AM,FALSE,TRUE,06/02/18,06:05 PM,09:05 PM,FREE,BUSY
06/03/18,01:05 PM,04:05 PM,Phillies at Giants,AT&T Park - San Francisco,"",06/03/18,06/03/18,04:05 PM,07:05 PM,FALSE,TRUE,06/03/18,12:05 PM,03:05 PM,FREE,BUSY
06/04/18,07:15 PM,10:15 PM,D-backs at Giants,AT&T Park - San Francisco,"",06/04/18,06/05/18,10:15 PM,01:15 AM,FALSE,TRUE,06/04/18,06:15 PM,09:15 PM,FREE,BUSY
06/05/18,07:15 PM,10:15 PM,D-backs at Giants,AT&T Park - San Francisco,"",06/05/18,06/06/18,10:15 PM,01:15 AM,FALSE,TRUE,06/05/18,06:15 PM,09:15 PM,FREE,BUSY
06/06/18,12:45 PM,03:45 PM,D-backs at Giants,AT&T Park - San Francisco,"",06/06/18,06/06/18,03:45 PM,06:45 PM,FALSE,TRUE,06/06/18,11:45 AM,02:45 PM,FREE,BUSY
06/08/18,04:05 PM,07:05 PM,Giants at Nationals,Nationals Park - Washington,"",06/08/18,06/08/18,07:05 PM,10:05 PM,FALSE,TRUE,06/08/18,03:05 PM,06:05 PM,FREE,BUSY
06/09/18,09:05 AM,12:05 PM,Giants at Nationals,Nationals Park - Washington,"",06/09/18,06/09/18,12:05 PM,03:05 PM,FALSE,TRUE,06/09/18,08:05 AM,11:05 AM,FREE,BUSY
06/10/18,01:05 PM,04:05 PM,Giants at Nationals,Nationals Park - Washington,"",06/10/18,06/10/18,04:05 PM,07:05 PM,FALSE,TRUE,06/10/18,12:05 PM,03:05 PM,FREE,BUSY
06/11/18,04:10 PM,07:10 PM,Giants at Marlins,Marlins Park - Miami,"",06/11/18,06/11/18,07:10 PM,10:10 PM,FALSE,TRUE,06/11/18,03:10 PM,06:10 PM,FREE,BUSY
06/12/18,04:10 PM,07:10 PM,Giants at Marlins,Marlins Park - Miami,"",06/12/18,06/12/18,07:10 PM,10:10 PM,FALSE,TRUE,06/12/18,03:10 PM,06:10 PM,FREE,BUSY
06/13/18,04:10 PM,07:10 PM,Giants at Marlins,Marlins Park - Miami,"",06/13/18,06/13/18,07:10 PM,10:10 PM,FALSE,TRUE,06/13/18,03:10 PM,06:10 PM,FREE,BUSY
06/14/18,09:10 AM,12:10 PM,Giants at Marlins,Marlins Park - Miami,"",06/14/18,06/14/18,12:10 PM,03:10 PM,FALSE,TRUE,06/14/18,08:10 AM,11:10 AM,FREE,BUSY
06/15/18,07:10 PM,10:10 PM,Giants at Dodgers,Dodger Stadium - Los Angeles,"",06/15/18,06/16/18,10:10 PM,01:10 AM,FALSE,TRUE,06/15/18,06:10 PM,09:10 PM,FREE,BUSY
06/16/18,05:15 PM,08:15 PM,Giants at Dodgers,Dodger Stadium - Los Angeles,"Local TV: FOX",06/16/18,06/16/18,08:15 PM,11:15 PM,FALSE,TRUE,06/16/18,04:15 PM,07:15 PM,FREE,BUSY
06/17/18,01:10 PM,04:10 PM,Giants at Dodgers,Dodger Stadium - Los Angeles,"",06/17/18,06/17/18,04:10 PM,07:10 PM,FALSE,TRUE,06/17/18,12:10 PM,03:10 PM,FREE,BUSY
06/18/18,07:15 PM,10:15 PM,Marlins at Giants,AT&T Park - San Francisco,"",06/18/18,06/19/18,10:15 PM,01:15 AM,FALSE,TRUE,06/18/18,06:15 PM,09:15 PM,FREE,BUSY
06/19/18,07:15 PM,10:15 PM,Marlins at Giants,AT&T Park - San Francisco,"",06/19/18,06/20/18,10:15 PM,01:15 AM,FALSE,TRUE,06/19/18,06:15 PM,09:15 PM,FREE,BUSY
06/20/18,12:45 PM,03:45 PM,Marlins at Giants,AT&T Park - San Francisco,"",06/20/18,06/20/18,03:45 PM,06:45 PM,FALSE,TRUE,06/20/18,11:45 AM,02:45 PM,FREE,BUSY
06/21/18,07:15 PM,10:15 PM,Padres at Giants,AT&T Park - San Francisco,"",06/21/18,06/22/18,10:15 PM,01:15 AM,FALSE,TRUE,06/21/18,06:15 PM,09:15 PM,FREE,BUSY
06/22/18,07:15 PM,10:15 PM,Padres at Giants,AT&T Park - San Francisco,"",06/22/18,06/23/18,10:15 PM,01:15 AM,FALSE,TRUE,06/22/18,06:15 PM,09:15 PM,FREE,BUSY
06/23/18,01:05 PM,04:05 PM,Padres at Giants,AT&T Park - San Francisco,"",06/23/18,06/23/18,04:05 PM,07:05 PM,FALSE,TRUE,06/23/18,12:05 PM,03:05 PM,FREE,BUSY
06/24/18,01:05 PM,04:05 PM,Padres at Giants,AT&T Park - San Francisco,"",06/24/18,06/24/18,04:05 PM,07:05 PM,FALSE,TRUE,06/24/18,12:05 PM,03:05 PM,FREE,BUSY
06/26/18,07:15 PM,10:15 PM,Rockies at Giants,AT&T Park - San Francisco,"",06/26/18,06/27/18,10:15 PM,01:15 AM,FALSE,TRUE,06/26/18,06:15 PM,09:15 PM,FREE,BUSY
06/27/18,07:15 PM,10:15 PM,Rockies at Giants,AT&T Park - San Francisco,"",06/27/18,06/28/18,10:15 PM,01:15 AM,FALSE,TRUE,06/27/18,06:15 PM,09:15 PM,FREE,BUSY
06/28/18,12:45 PM,03:45 PM,Rockies at Giants,AT&T Park - San Francisco,"",06/28/18,06/28/18,03:45 PM,06:45 PM,FALSE,TRUE,06/28/18,11:45 AM,02:45 PM,FREE,BUSY
06/29/18,06:40 PM,09:40 PM,Giants at D-backs,Chase Field - Phoenix,"",06/29/18,06/30/18,09:40 PM,12:40 AM,FALSE,TRUE,06/29/18,05:40 PM,08:40 PM,FREE,BUSY
06/30/18,07:10 PM,10:10 PM,Giants at D-backs,Chase Field - Phoenix,"",06/30/18,07/01/18,10:10 PM,01:10 AM,FALSE,TRUE,06/30/18,06:10 PM,09:10 PM,FREE,BUSY
07/01/18,01:10 PM,04:10 PM,Giants at D-backs,Chase Field - Phoenix,"",07/01/18,07/01/18,04:10 PM,07:10 PM,FALSE,TRUE,07/01/18,12:10 PM,03:10 PM,FREE,BUSY
07/02/18,05:40 PM,08:40 PM,Giants at Rockies,Coors Field - Denver,"",07/02/18,07/02/18,08:40 PM,11:40 PM,FALSE,TRUE,07/02/18,04:40 PM,07:40 PM,FREE,BUSY
07/03/18,05:10 PM,08:10 PM,Giants at Rockies,Coors Field - Denver,"",07/03/18,07/03/18,08:10 PM,11:10 PM,FALSE,TRUE,07/03/18,04:10 PM,07:10 PM,FREE,BUSY
07/04/18,05:10 PM,08:10 PM,Giants at Rockies,Coors Field - Denver,"",07/04/18,07/04/18,08:10 PM,11:10 PM,FALSE,TRUE,07/04/18,04:10 PM,07:10 PM,FREE,BUSY
07/05/18,07:15 PM,10:15 PM,Cardinals at Giants,AT&T Park - San Francisco,"",07/05/18,07/06/18,10:15 PM,01:15 AM,FALSE,TRUE,07/05/18,06:15 PM,09:15 PM,FREE,BUSY
07/06/18,07:15 PM,10:15 PM,Cardinals at Giants,AT&T Park - San Francisco,"",07/06/18,07/07/18,10:15 PM,01:15 AM,FALSE,TRUE,07/06/18,06:15 PM,09:15 PM,FREE,BUSY
07/07/18,01:05 PM,04:05 PM,Cardinals at Giants,AT&T Park - San Francisco,"",07/07/18,07/07/18,04:05 PM,07:05 PM,FALSE,TRUE,07/07/18,12:05 PM,03:05 PM,FREE,BUSY
07/08/18,01:05 PM,04:05 PM,Cardinals at Giants,AT&T Park - San Francisco,"",07/08/18,07/08/18,04:05 PM,07:05 PM,FALSE,TRUE,07/08/18,12:05 PM,03:05 PM,FREE,BUSY
07/09/18,07:15 PM,10:15 PM,Cubs at Giants,AT&T Park - San Francisco,"",07/09/18,07/10/18,10:15 PM,01:15 AM,FALSE,TRUE,07/09/18,06:15 PM,09:15 PM,FREE,BUSY
07/10/18,07:15 PM,10:15 PM,Cubs at Giants,AT&T Park - San Francisco,"",07/10/18,07/11/18,10:15 PM,01:15 AM,FALSE,TRUE,07/10/18,06:15 PM,09:15 PM,FREE,BUSY
07/11/18,12:45 PM,03:45 PM,Cubs at Giants,AT&T Park - San Francisco,"",07/11/18,07/11/18,03:45 PM,06:45 PM,FALSE,TRUE,07/11/18,11:45 AM,02:45 PM,FREE,BUSY
07/13/18,07:15 PM,10:15 PM,Athletics at Giants,AT&T Park - San Francisco,"",07/13/18,07/14/18,10:15 PM,01:15 AM,FALSE,TRUE,07/13/18,06:15 PM,09:15 PM,FREE,BUSY
07/14/18,07:05 PM,10:05 PM,Athletics at Giants,AT&T Park - San Francisco,"",07/14/18,07/15/18,10:05 PM,01:05 AM,FALSE,TRUE,07/14/18,06:05 PM,09:05 PM,FREE,BUSY
07/15/18,01:05 PM,04:05 PM,Athletics at Giants,AT&T Park - San Francisco,"",07/15/18,07/15/18,04:05 PM,07:05 PM,FALSE,TRUE,07/15/18,12:05 PM,03:05 PM,FREE,BUSY
07/17/18,,,NL All-Stars at AL All-Stars - Time TBD,Nationals Park - Washington,"",07/17/18,07/17/18,,,FALSE,TRUE,07/17/18,,,FREE,BUSY
07/20/18,06:35 PM,09:35 PM,Giants at Athletics,Oakland Coliseum - Oakland,"",07/20/18,07/21/18,09:35 PM,12:35 AM,FALSE,TRUE,07/20/18,05:35 PM,08:35 PM,FREE,BUSY
07/21/18,06:05 PM,09:05 PM,Giants at Athletics,Oakland Coliseum - Oakland,"",07/21/18,07/22/18,09:05 PM,12:05 AM,FALSE,TRUE,07/21/18,05:05 PM,08:05 PM,FREE,BUSY
07/22/18,01:05 PM,04:05 PM,Giants at Athletics,Oakland Coliseum - Oakland,"",07/22/18,07/22/18,04:05 PM,07:05 PM,FALSE,TRUE,07/22/18,12:05 PM,03:05 PM,FREE,BUSY
07/24/18,07:10 PM,10:10 PM,Giants at Mariners,Safeco Field - Seattle,"",07/24/18,07/25/18,10:10 PM,01:10 AM,FALSE,TRUE,07/24/18,06:10 PM,09:10 PM,FREE,BUSY
07/25/18,01:10 PM,04:10 PM,Giants at Mariners,Safeco Field - Seattle,"",07/25/18,07/25/18,04:10 PM,07:10 PM,FALSE,TRUE,07/25/18,12:10 PM,03:10 PM,FREE,BUSY
07/26/18,07:15 PM,10:15 PM,Brewers at Giants,AT&T Park - San Francisco,"",07/26/18,07/27/18,10:15 PM,01:15 AM,FALSE,TRUE,07/26/18,06:15 PM,09:15 PM,FREE,BUSY
07/27/18,07:15 PM,10:15 PM,Brewers at Giants,AT&T Park - San Francisco,"",07/27/18,07/28/18,10:15 PM,01:15 AM,FALSE,TRUE,07/27/18,06:15 PM,09:15 PM,FREE,BUSY
07/28/18,06:05 PM,09:05 PM,Brewers at Giants,AT&T Park - San Francisco,"",07/28/18,07/29/18,09:05 PM,12:05 AM,FALSE,TRUE,07/28/18,05:05 PM,08:05 PM,FREE,BUSY
07/29/18,01:05 PM,04:05 PM,Brewers at Giants,AT&T Park - San Francisco,"",07/29/18,07/29/18,04:05 PM,07:05 PM,FALSE,TRUE,07/29/18,12:05 PM,03:05 PM,FREE,BUSY
07/30/18,07:10 PM,10:10 PM,Giants at Padres,Petco Park - San Diego,"",07/30/18,07/31/18,10:10 PM,01:10 AM,FALSE,TRUE,07/30/18,06:10 PM,09:10 PM,FREE,BUSY
07/31/18,01:10 PM,04:10 PM,Giants at Padres,Petco Park - San Diego,"",07/31/18,07/31/18,04:10 PM,07:10 PM,FALSE,TRUE,07/31/18,12:10 PM,03:10 PM,FREE,BUSY
08/02/18,06:40 PM,09:40 PM,Giants at D-backs,Chase Field - Phoenix,"",08/02/18,08/03/18,09:40 PM,12:40 AM,FALSE,TRUE,08/02/18,05:40 PM,08:40 PM,FREE,BUSY
08/03/18,06:40 PM,09:40 PM,Giants at D-backs,Chase Field - Phoenix,"",08/03/18,08/04/18,09:40 PM,12:40 AM,FALSE,TRUE,08/03/18,05:40 PM,08:40 PM,FREE,BUSY
08/04/18,05:10 PM,08:10 PM,Giants at D-backs,Chase Field - Phoenix,"",08/04/18,08/04/18,08:10 PM,11:10 PM,FALSE,TRUE,08/04/18,04:10 PM,07:10 PM,FREE,BUSY
08/05/18,01:10 PM,04:10 PM,Giants at D-backs,Chase Field - Phoenix,"",08/05/18,08/05/18,04:10 PM,07:10 PM,FALSE,TRUE,08/05/18,12:10 PM,03:10 PM,FREE,BUSY
08/06/18,07:15 PM,10:15 PM,Astros at Giants,AT&T Park - San Francisco,"",08/06/18,08/07/18,10:15 PM,01:15 AM,FALSE,TRUE,08/06/18,06:15 PM,09:15 PM,FREE,BUSY
08/07/18,12:45 PM,03:45 PM,Astros at Giants,AT&T Park - San Francisco,"",08/07/18,08/07/18,03:45 PM,06:45 PM,FALSE,TRUE,08/07/18,11:45 AM,02:45 PM,FREE,BUSY
08/09/18,07:15 PM,10:15 PM,Pirates at Giants,AT&T Park - San Francisco,"",08/09/18,08/10/18,10:15 PM,01:15 AM,FALSE,TRUE,08/09/18,06:15 PM,09:15 PM,FREE,BUSY
08/10/18,07:15 PM,10:15 PM,Pirates at Giants,AT&T Park - San Francisco,"",08/10/18,08/11/18,10:15 PM,01:15 AM,FALSE,TRUE,08/10/18,06:15 PM,09:15 PM,FREE,BUSY
08/11/18,06:05 PM,09:05 PM,Pirates at Giants,AT&T Park - San Francisco,"",08/11/18,08/12/18,09:05 PM,12:05 AM,FALSE,TRUE,08/11/18,05:05 PM,08:05 PM,FREE,BUSY
08/12/18,01:05 PM,04:05 PM,Pirates at Giants,AT&T Park - San Francisco,"",08/12/18,08/12/18,04:05 PM,07:05 PM,FALSE,TRUE,08/12/18,12:05 PM,03:05 PM,FREE,BUSY
08/13/18,07:10 PM,10:10 PM,Giants at Dodgers,Dodger Stadium - Los Angeles,"",08/13/18,08/14/18,10:10 PM,01:10 AM,FALSE,TRUE,08/13/18,06:10 PM,09:10 PM,FREE,BUSY
08/14/18,07:10 PM,10:10 PM,Giants at Dodgers,Dodger Stadium - Los Angeles,"",08/14/18,08/15/18,10:10 PM,01:10 AM,FALSE,TRUE,08/14/18,06:10 PM,09:10 PM,FREE,BUSY
08/15/18,07:10 PM,10:10 PM,Giants at Dodgers,Dodger Stadium - Los Angeles,"",08/15/18,08/16/18,10:10 PM,01:10 AM,FALSE,TRUE,08/15/18,06:10 PM,09:10 PM,FREE,BUSY
08/17/18,04:10 PM,07:10 PM,Giants at Reds,Great American Ball Park - Cincinnati,"",08/17/18,08/17/18,07:10 PM,10:10 PM,FALSE,TRUE,08/17/18,03:10 PM,06:10 PM,FREE,BUSY
08/18/18,04:10 PM,07:10 PM,Giants at Reds,Great American Ball Park - Cincinnati,"",08/18/18,08/18/18,07:10 PM,10:10 PM,FALSE,TRUE,08/18/18,03:10 PM,06:10 PM,FREE,BUSY
08/19/18,10:10 AM,01:10 PM,Giants at Reds,Great American Ball Park - Cincinnati,"",08/19/18,08/19/18,01:10 PM,04:10 PM,FALSE,TRUE,08/19/18,09:10 AM,12:10 PM,FREE,BUSY
08/20/18,04:10 PM,07:10 PM,Giants at Mets,Citi Field - Flushing,"",08/20/18,08/20/18,07:10 PM,10:10 PM,FALSE,TRUE,08/20/18,03:10 PM,06:10 PM,FREE,BUSY
08/21/18,04:10 PM,07:10 PM,Giants at Mets,Citi Field - Flushing,"",08/21/18,08/21/18,07:10 PM,10:10 PM,FALSE,TRUE,08/21/18,03:10 PM,06:10 PM,FREE,BUSY
08/22/18,04:10 PM,07:10 PM,Giants at Mets,Citi Field - Flushing,"",08/22/18,08/22/18,07:10 PM,10:10 PM,FALSE,TRUE,08/22/18,03:10 PM,06:10 PM,FREE,BUSY
08/23/18,10:10 AM,01:10 PM,Giants at Mets,Citi Field - Flushing,"",08/23/18,08/23/18,01:10 PM,04:10 PM,FALSE,TRUE,08/23/18,09:10 AM,12:10 PM,FREE,BUSY
08/24/18,07:15 PM,10:15 PM,Rangers at Giants,AT&T Park - San Francisco,"",08/24/18,08/25/18,10:15 PM,01:15 AM,FALSE,TRUE,08/24/18,06:15 PM,09:15 PM,FREE,BUSY
08/25/18,01:05 PM,04:05 PM,Rangers at Giants,AT&T Park - San Francisco,"",08/25/18,08/25/18,04:05 PM,07:05 PM,FALSE,TRUE,08/25/18,12:05 PM,03:05 PM,FREE,BUSY
08/26/18,01:05 PM,04:05 PM,Rangers at Giants,AT&T Park - San Francisco,"",08/26/18,08/26/18,04:05 PM,07:05 PM,FALSE,TRUE,08/26/18,12:05 PM,03:05 PM,FREE,BUSY
08/27/18,07:15 PM,10:15 PM,D-backs at Giants,AT&T Park - San Francisco,"",08/27/18,08/28/18,10:15 PM,01:15 AM,FALSE,TRUE,08/27/18,06:15 PM,09:15 PM,FREE,BUSY
08/28/18,07:15 PM,10:15 PM,D-backs at Giants,AT&T Park - San Francisco,"",08/28/18,08/29/18,10:15 PM,01:15 AM,FALSE,TRUE,08/28/18,06:15 PM,09:15 PM,FREE,BUSY
08/29/18,07:15 PM,10:15 PM,D-backs at Giants,AT&T Park - San Francisco,"",08/29/18,08/30/18,10:15 PM,01:15 AM,FALSE,TRUE,08/29/18,06:15 PM,09:15 PM,FREE,BUSY
08/31/18,07:15 PM,10:15 PM,Mets at Giants,AT&T Park - San Francisco,"",08/31/18,09/01/18,10:15 PM,01:15 AM,FALSE,TRUE,08/31/18,06:15 PM,09:15 PM,FREE,BUSY
09/01/18,01:05 PM,04:05 PM,Mets at Giants,AT&T Park - San Francisco,"",09/01/18,09/01/18,04:05 PM,07:05 PM,FALSE,TRUE,09/01/18,12:05 PM,03:05 PM,FREE,BUSY
09/02/18,01:05 PM,04:05 PM,Mets at Giants,AT&T Park - San Francisco,"",09/02/18,09/02/18,04:05 PM,07:05 PM,FALSE,TRUE,09/02/18,12:05 PM,03:05 PM,FREE,BUSY
09/03/18,12:10 PM,03:10 PM,Giants at Rockies,Coors Field - Denver,"",09/03/18,09/03/18,03:10 PM,06:10 PM,FALSE,TRUE,09/03/18,11:10 AM,02:10 PM,FREE,BUSY
09/04/18,05:40 PM,08:40 PM,Giants at Rockies,Coors Field - Denver,"",09/04/18,09/04/18,08:40 PM,11:40 PM,FALSE,TRUE,09/04/18,04:40 PM,07:40 PM,FREE,BUSY
09/05/18,05:40 PM,08:40 PM,Giants at Rockies,Coors Field - Denver,"",09/05/18,09/05/18,08:40 PM,11:40 PM,FALSE,TRUE,09/05/18,04:40 PM,07:40 PM,FREE,BUSY
09/07/18,05:10 PM,08:10 PM,Giants at Brewers,Miller Park - Milwaukee,"",09/07/18,09/07/18,08:10 PM,11:10 PM,FALSE,TRUE,09/07/18,04:10 PM,07:10 PM,FREE,BUSY
09/08/18,04:10 PM,07:10 PM,Giants at Brewers,Miller Park - Milwaukee,"",09/08/18,09/08/18,07:10 PM,10:10 PM,FALSE,TRUE,09/08/18,03:10 PM,06:10 PM,FREE,BUSY
09/09/18,11:10 AM,02:10 PM,Giants at Brewers,Miller Park - Milwaukee,"",09/09/18,09/09/18,02:10 PM,05:10 PM,FALSE,TRUE,09/09/18,10:10 AM,01:10 PM,FREE,BUSY
09/10/18,07:15 PM,10:15 PM,Braves at Giants,AT&T Park - San Francisco,"",09/10/18,09/11/18,10:15 PM,01:15 AM,FALSE,TRUE,09/10/18,06:15 PM,09:15 PM,FREE,BUSY
09/11/18,07:15 PM,10:15 PM,Braves at Giants,AT&T Park - San Francisco,"",09/11/18,09/12/18,10:15 PM,01:15 AM,FALSE,TRUE,09/11/18,06:15 PM,09:15 PM,FREE,BUSY
09/12/18,12:45 PM,03:45 PM,Braves at Giants,AT&T Park - San Francisco,"",09/12/18,09/12/18,03:45 PM,06:45 PM,FALSE,TRUE,09/12/18,11:45 AM,02:45 PM,FREE,BUSY
09/14/18,07:15 PM,10:15 PM,Rockies at Giants,AT&T Park - San Francisco,"",09/14/18,09/15/18,10:15 PM,01:15 AM,FALSE,TRUE,09/14/18,06:15 PM,09:15 PM,FREE,BUSY
09/15/18,06:05 PM,09:05 PM,Rockies at Giants,AT&T Park - San Francisco,"",09/15/18,09/16/18,09:05 PM,12:05 AM,FALSE,TRUE,09/15/18,05:05 PM,08:05 PM,FREE,BUSY
09/16/18,01:05 PM,04:05 PM,Rockies at Giants,AT&T Park - San Francisco,"",09/16/18,09/16/18,04:05 PM,07:05 PM,FALSE,TRUE,09/16/18,12:05 PM,03:05 PM,FREE,BUSY
09/17/18,07:10 PM,10:10 PM,Giants at Padres,Petco Park - San Diego,"",09/17/18,09/18/18,10:10 PM,01:10 AM,FALSE,TRUE,09/17/18,06:10 PM,09:10 PM,FREE,BUSY
09/18/18,07:10 PM,10:10 PM,Giants at Padres,Petco Park - San Diego,"",09/18/18,09/19/18,10:10 PM,01:10 AM,FALSE,TRUE,09/18/18,06:10 PM,09:10 PM,FREE,BUSY
09/19/18,06:10 PM,09:10 PM,Giants at Padres,Petco Park - San Diego,"",09/19/18,09/20/18,09:10 PM,12:10 AM,FALSE,TRUE,09/19/18,05:10 PM,08:10 PM,FREE,BUSY
09/21/18,05:15 PM,08:15 PM,Giants at Cardinals,Busch Stadium - St. Louis,"",09/21/18,09/21/18,08:15 PM,11:15 PM,FALSE,TRUE,09/21/18,04:15 PM,07:15 PM,FREE,BUSY
09/22/18,04:15 PM,07:15 PM,Giants at Cardinals,Busch Stadium - St. Louis,"",09/22/18,09/22/18,07:15 PM,10:15 PM,FALSE,TRUE,09/22/18,03:15 PM,06:15 PM,FREE,BUSY
09/23/18,11:15 AM,02:15 PM,Giants at Cardinals,Busch Stadium - St. Louis,"",09/23/18,09/23/18,02:15 PM,05:15 PM,FALSE,TRUE,09/23/18,10:15 AM,01:15 PM,FREE,BUSY
09/24/18,07:15 PM,10:15 PM,Padres at Giants,AT&T Park - San Francisco,"",09/24/18,09/25/18,10:15 PM,01:15 AM,FALSE,TRUE,09/24/18,06:15 PM,09:15 PM,FREE,BUSY
09/25/18,07:15 PM,10:15 PM,Padres at Giants,AT&T Park - San Francisco,"",09/25/18,09/26/18,10:15 PM,01:15 AM,FALSE,TRUE,09/25/18,06:15 PM,09:15 PM,FREE,BUSY
09/26/18,07:15 PM,10:15 PM,Padres at Giants,AT&T Park - San Francisco,"",09/26/18,09/27/18,10:15 PM,01:15 AM,FALSE,TRUE,09/26/18,06:15 PM,09:15 PM,FREE,BUSY
09/28/18,07:15 PM,10:15 PM,Dodgers at Giants,AT&T Park - San Francisco,"",09/28/18,09/29/18,10:15 PM,01:15 AM,FALSE,TRUE,09/28/18,06:15 PM,09:15 PM,FREE,BUSY
09/29/18,01:05 PM,04:05 PM,Dodgers at Giants,AT&T Park - San Francisco,"",09/29/18,09/29/18,04:05 PM,07:05 PM,FALSE,TRUE,09/29/18,12:05 PM,03:05 PM,FREE,BUSY
09/30/18,12:05 PM,03:05 PM,Dodgers at Giants,AT&T Park - San Francisco,"",09/30/18,09/30/18,03:05 PM,06:05 PM,FALSE,TRUE,09/30/18,11:05 AM,02:05 PM,FREE,BUSY
