START DATE,START TIME,START TIME ET,SUBJECT,LOCATION,DESCRIPTION,END DATE,END DATE ET,END TIME,END TIME ET,REMINDER OFF,REMINDER ON,REMINDER DATE,REMINDER TIME,REMINDER TIME ET,SHOWTIMEAS FREE,SHOWTIMEAS BUSY
03/18/22,07:05 PM,10:05 PM,Cubs at Giants,Scottsdale Stadium - Scottsdale,"Local TV: NBCS BA ----- Local Radio: KNBR 680",03/18/22,03/19/22,10:05 PM,01:05 AM,FALSE,TRUE,03/18/22,06:05 PM,09:05 PM,FREE,BUSY
03/19/22,01:10 PM,04:10 PM,Giants at Rockies,Salt River Fields at Talking Stick - Scottsdale,"",03/19/22,03/19/22,04:10 PM,07:10 PM,FALSE,TRUE,03/19/22,12:10 PM,03:10 PM,FREE,BUSY
03/20/22,01:05 PM,04:05 PM,Giants at Reds,Goodyear Ballpark - Goodyear,"",03/20/22,03/20/22,04:05 PM,07:05 PM,FALSE,TRUE,03/20/22,12:05 PM,03:05 PM,FREE,BUSY
03/21/22,07:05 PM,10:05 PM,Brewers at Giants,Scottsdale Stadium - Scottsdale,"Local TV: NBCS BA ----- Local Radio: KNBR 680",03/21/22,03/22/22,10:05 PM,01:05 AM,FALSE,TRUE,03/21/22,06:05 PM,09:05 PM,FREE,BUSY
03/23/22,01:05 PM,04:05 PM,D-backs at Giants,Scottsdale Stadium - Scottsdale,"Local Radio: MLB.com",03/23/22,03/23/22,04:05 PM,07:05 PM,FALSE,TRUE,03/23/22,12:05 PM,03:05 PM,FREE,BUSY
03/24/22,01:05 PM,04:05 PM,Giants at White Sox,Camelback Ranch - Glendale,"",03/24/22,03/24/22,04:05 PM,07:05 PM,FALSE,TRUE,03/24/22,12:05 PM,03:05 PM,FREE,BUSY
03/25/22,01:05 PM,04:05 PM,Guardians at Giants,Scottsdale Stadium - Scottsdale,"Local Radio: KNBR 680",03/25/22,03/25/22,04:05 PM,07:05 PM,FALSE,TRUE,03/25/22,12:05 PM,03:05 PM,FREE,BUSY
03/26/22,01:05 PM,04:05 PM,Reds at Giants,Scottsdale Stadium - Scottsdale,"Local TV: NBCS BA",03/26/22,03/26/22,04:05 PM,07:05 PM,FALSE,TRUE,03/26/22,12:05 PM,03:05 PM,FREE,BUSY
03/27/22,01:10 PM,04:10 PM,Giants at Angels,Tempe Diablo Stadium - Tempe,"",03/27/22,03/27/22,04:10 PM,07:10 PM,FALSE,TRUE,03/27/22,12:10 PM,03:10 PM,FREE,BUSY
03/28/22,01:10 PM,04:10 PM,Giants at Brewers,American Family Fields of Phoenix - Phoenix,"",03/28/22,03/28/22,04:10 PM,07:10 PM,FALSE,TRUE,03/28/22,12:10 PM,03:10 PM,FREE,BUSY
03/29/22,01:05 PM,04:05 PM,Padres at Giants,Scottsdale Stadium - Scottsdale,"",03/29/22,03/29/22,04:05 PM,07:05 PM,FALSE,TRUE,03/29/22,12:05 PM,03:05 PM,FREE,BUSY
03/30/22,01:05 PM,04:05 PM,Giants at Royals,Surprise Stadium - Surprise,"",03/30/22,03/30/22,04:05 PM,07:05 PM,FALSE,TRUE,03/30/22,12:05 PM,03:05 PM,FREE,BUSY
03/31/22,01:05 PM,04:05 PM,Rockies at Giants,Scottsdale Stadium - Scottsdale,"Local Radio: MLB.com",03/31/22,03/31/22,04:05 PM,07:05 PM,FALSE,TRUE,03/31/22,12:05 PM,03:05 PM,FREE,BUSY
04/01/22,12:05 PM,03:05 PM,Rangers at Giants,Scottsdale Stadium - Scottsdale,"Local Radio: KNBR 680",04/01/22,04/01/22,03:05 PM,06:05 PM,FALSE,TRUE,04/01/22,11:05 AM,02:05 PM,FREE,BUSY
04/02/22,12:05 PM,03:05 PM,Giants at Dodgers,Camelback Ranch - Glendale,"Local Radio: KNBR 680",04/02/22,04/02/22,03:05 PM,06:05 PM,FALSE,TRUE,04/02/22,11:05 AM,02:05 PM,FREE,BUSY
04/04/22,01:05 PM,04:05 PM,Giants at Athletics,Hohokam Stadium - Mesa,"",04/04/22,04/04/22,04:05 PM,07:05 PM,FALSE,TRUE,04/04/22,12:05 PM,03:05 PM,FREE,BUSY
04/05/22,01:05 PM,04:05 PM,Athletics at Giants,Scottsdale Stadium - Scottsdale,"",04/05/22,04/05/22,04:05 PM,07:05 PM,FALSE,TRUE,04/05/22,12:05 PM,03:05 PM,FREE,BUSY
04/08/22,01:35 PM,04:35 PM,Marlins at Giants,Oracle Park - San Francisco,"",04/08/22,04/08/22,04:35 PM,07:35 PM,FALSE,TRUE,04/08/22,12:35 PM,03:35 PM,FREE,BUSY
04/09/22,01:05 PM,04:05 PM,Marlins at Giants,Oracle Park - San Francisco,"",04/09/22,04/09/22,04:05 PM,07:05 PM,FALSE,TRUE,04/09/22,12:05 PM,03:05 PM,FREE,BUSY
04/10/22,01:05 PM,04:05 PM,Marlins at Giants,Oracle Park - San Francisco,"",04/10/22,04/10/22,04:05 PM,07:05 PM,FALSE,TRUE,04/10/22,12:05 PM,03:05 PM,FREE,BUSY
04/11/22,06:45 PM,09:45 PM,Padres at Giants,Oracle Park - San Francisco,"",04/11/22,04/12/22,09:45 PM,12:45 AM,FALSE,TRUE,04/11/22,05:45 PM,08:45 PM,FREE,BUSY
04/12/22,06:45 PM,09:45 PM,Padres at Giants,Oracle Park - San Francisco,"",04/12/22,04/13/22,09:45 PM,12:45 AM,FALSE,TRUE,04/12/22,05:45 PM,08:45 PM,FREE,BUSY
04/13/22,12:45 PM,03:45 PM,Padres at Giants,Oracle Park - San Francisco,"",04/13/22,04/13/22,03:45 PM,06:45 PM,FALSE,TRUE,04/13/22,11:45 AM,02:45 PM,FREE,BUSY
04/15/22,04:10 PM,07:10 PM,Giants at Guardians,Progressive Field - Cleveland,"",04/15/22,04/15/22,07:10 PM,10:10 PM,FALSE,TRUE,04/15/22,03:10 PM,06:10 PM,FREE,BUSY
04/16/22,03:10 PM,06:10 PM,Giants at Guardians,Progressive Field - Cleveland,"",04/16/22,04/16/22,06:10 PM,09:10 PM,FALSE,TRUE,04/16/22,02:10 PM,05:10 PM,FREE,BUSY
04/17/22,10:40 AM,01:40 PM,Giants at Guardians,Progressive Field - Cleveland,"",04/17/22,04/17/22,01:40 PM,04:40 PM,FALSE,TRUE,04/17/22,09:40 AM,12:40 PM,FREE,BUSY
04/18/22,04:10 PM,07:10 PM,Giants at Mets,Citi Field - Flushing,"",04/18/22,04/18/22,07:10 PM,10:10 PM,FALSE,TRUE,04/18/22,03:10 PM,06:10 PM,FREE,BUSY
04/19/22,04:10 PM,07:10 PM,Giants at Mets,Citi Field - Flushing,"",04/19/22,04/19/22,07:10 PM,10:10 PM,FALSE,TRUE,04/19/22,03:10 PM,06:10 PM,FREE,BUSY
04/20/22,04:10 PM,07:10 PM,Giants at Mets,Citi Field - Flushing,"",04/20/22,04/20/22,07:10 PM,10:10 PM,FALSE,TRUE,04/20/22,03:10 PM,06:10 PM,FREE,BUSY
04/21/22,10:10 AM,01:10 PM,Giants at Mets,Citi Field - Flushing,"",04/21/22,04/21/22,01:10 PM,04:10 PM,FALSE,TRUE,04/21/22,09:10 AM,12:10 PM,FREE,BUSY
04/22/22,04:05 PM,07:05 PM,Giants at Nationals,Nationals Park - Washington,"",04/22/22,04/22/22,07:05 PM,10:05 PM,FALSE,TRUE,04/22/22,03:05 PM,06:05 PM,FREE,BUSY
04/23/22,10:05 AM,01:05 PM,Giants at Nationals,Nationals Park - Washington,"",04/23/22,04/23/22,01:05 PM,04:05 PM,FALSE,TRUE,04/23/22,09:05 AM,12:05 PM,FREE,BUSY
04/24/22,10:35 AM,01:35 PM,Giants at Nationals,Nationals Park - Washington,"",04/24/22,04/24/22,01:35 PM,04:35 PM,FALSE,TRUE,04/24/22,09:35 AM,12:35 PM,FREE,BUSY
04/25/22,03:10 PM,06:10 PM,Giants at Brewers,American Family Field - Milwaukee,"",04/25/22,04/25/22,06:10 PM,09:10 PM,FALSE,TRUE,04/25/22,02:10 PM,05:10 PM,FREE,BUSY
04/26/22,06:45 PM,09:45 PM,Athletics at Giants,Oracle Park - San Francisco,"",04/26/22,04/27/22,09:45 PM,12:45 AM,FALSE,TRUE,04/26/22,05:45 PM,08:45 PM,FREE,BUSY
04/27/22,06:45 PM,09:45 PM,Athletics at Giants,Oracle Park - San Francisco,"",04/27/22,04/28/22,09:45 PM,12:45 AM,FALSE,TRUE,04/27/22,05:45 PM,08:45 PM,FREE,BUSY
04/29/22,07:15 PM,10:15 PM,Nationals at Giants,Oracle Park - San Francisco,"",04/29/22,04/30/22,10:15 PM,01:15 AM,FALSE,TRUE,04/29/22,06:15 PM,09:15 PM,FREE,BUSY
04/30/22,01:05 PM,04:05 PM,Nationals at Giants,Oracle Park - San Francisco,"",04/30/22,04/30/22,04:05 PM,07:05 PM,FALSE,TRUE,04/30/22,12:05 PM,03:05 PM,FREE,BUSY
05/01/22,01:05 PM,04:05 PM,Nationals at Giants,Oracle Park - San Francisco,"",05/01/22,05/01/22,04:05 PM,07:05 PM,FALSE,TRUE,05/01/22,12:05 PM,03:05 PM,FREE,BUSY
05/03/22,07:10 PM,10:10 PM,Giants at Dodgers,Dodger Stadium - Los Angeles,"",05/03/22,05/04/22,10:10 PM,01:10 AM,FALSE,TRUE,05/03/22,06:10 PM,09:10 PM,FREE,BUSY
05/04/22,07:10 PM,10:10 PM,Giants at Dodgers,Dodger Stadium - Los Angeles,"",05/04/22,05/05/22,10:10 PM,01:10 AM,FALSE,TRUE,05/04/22,06:10 PM,09:10 PM,FREE,BUSY
05/05/22,06:45 PM,09:45 PM,Cardinals at Giants,Oracle Park - San Francisco,"",05/05/22,05/06/22,09:45 PM,12:45 AM,FALSE,TRUE,05/05/22,05:45 PM,08:45 PM,FREE,BUSY
05/06/22,07:15 PM,10:15 PM,Cardinals at Giants,Oracle Park - San Francisco,"",05/06/22,05/07/22,10:15 PM,01:15 AM,FALSE,TRUE,05/06/22,06:15 PM,09:15 PM,FREE,BUSY
05/07/22,04:15 PM,07:15 PM,Cardinals at Giants,Oracle Park - San Francisco,"Local TV: FS1",05/07/22,05/07/22,07:15 PM,10:15 PM,FALSE,TRUE,05/07/22,03:15 PM,06:15 PM,FREE,BUSY
05/08/22,01:05 PM,04:05 PM,Cardinals at Giants,Oracle Park - San Francisco,"",05/08/22,05/08/22,04:05 PM,07:05 PM,FALSE,TRUE,05/08/22,12:05 PM,03:05 PM,FREE,BUSY
05/09/22,06:45 PM,09:45 PM,Rockies at Giants,Oracle Park - San Francisco,"",05/09/22,05/10/22,09:45 PM,12:45 AM,FALSE,TRUE,05/09/22,05:45 PM,08:45 PM,FREE,BUSY
05/10/22,06:45 PM,09:45 PM,Rockies at Giants,Oracle Park - San Francisco,"",05/10/22,05/11/22,09:45 PM,12:45 AM,FALSE,TRUE,05/10/22,05:45 PM,08:45 PM,FREE,BUSY
05/11/22,12:45 PM,03:45 PM,Rockies at Giants,Oracle Park - San Francisco,"",05/11/22,05/11/22,03:45 PM,06:45 PM,FALSE,TRUE,05/11/22,11:45 AM,02:45 PM,FREE,BUSY
05/13/22,05:15 PM,08:15 PM,Giants at Cardinals,Busch Stadium - St. Louis,"",05/13/22,05/13/22,08:15 PM,11:15 PM,FALSE,TRUE,05/13/22,04:15 PM,07:15 PM,FREE,BUSY
05/14/22,11:15 AM,02:15 PM,Giants at Cardinals,Busch Stadium - St. Louis,"",05/14/22,05/14/22,02:15 PM,05:15 PM,FALSE,TRUE,05/14/22,10:15 AM,01:15 PM,FREE,BUSY
05/15/22,04:08 PM,07:08 PM,Giants at Cardinals,Busch Stadium - St. Louis,"",05/15/22,05/15/22,07:08 PM,10:08 PM,FALSE,TRUE,05/15/22,03:08 PM,06:08 PM,FREE,BUSY
05/16/22,05:40 PM,08:40 PM,Giants at Rockies,Coors Field - Denver,"",05/16/22,05/16/22,08:40 PM,11:40 PM,FALSE,TRUE,05/16/22,04:40 PM,07:40 PM,FREE,BUSY
05/17/22,05:40 PM,08:40 PM,Giants at Rockies,Coors Field - Denver,"",05/17/22,05/17/22,08:40 PM,11:40 PM,FALSE,TRUE,05/17/22,04:40 PM,07:40 PM,FREE,BUSY
05/18/22,12:10 PM,03:10 PM,Giants at Rockies,Coors Field - Denver,"",05/18/22,05/18/22,03:10 PM,06:10 PM,FALSE,TRUE,05/18/22,11:10 AM,02:10 PM,FREE,BUSY
05/20/22,07:15 PM,10:15 PM,Padres at Giants,Oracle Park - San Francisco,"",05/20/22,05/21/22,10:15 PM,01:15 AM,FALSE,TRUE,05/20/22,06:15 PM,09:15 PM,FREE,BUSY
05/21/22,01:05 PM,04:05 PM,Padres at Giants,Oracle Park - San Francisco,"",05/21/22,05/21/22,04:05 PM,07:05 PM,FALSE,TRUE,05/21/22,12:05 PM,03:05 PM,FREE,BUSY
05/22/22,01:05 PM,04:05 PM,Padres at Giants,Oracle Park - San Francisco,"",05/22/22,05/22/22,04:05 PM,07:05 PM,FALSE,TRUE,05/22/22,12:05 PM,03:05 PM,FREE,BUSY
05/23/22,06:45 PM,09:45 PM,Mets at Giants,Oracle Park - San Francisco,"",05/23/22,05/24/22,09:45 PM,12:45 AM,FALSE,TRUE,05/23/22,05:45 PM,08:45 PM,FREE,BUSY
05/24/22,06:45 PM,09:45 PM,Mets at Giants,Oracle Park - San Francisco,"",05/24/22,05/25/22,09:45 PM,12:45 AM,FALSE,TRUE,05/24/22,05:45 PM,08:45 PM,FREE,BUSY
05/25/22,12:45 PM,03:45 PM,Mets at Giants,Oracle Park - San Francisco,"",05/25/22,05/25/22,03:45 PM,06:45 PM,FALSE,TRUE,05/25/22,11:45 AM,02:45 PM,FREE,BUSY
05/27/22,03:40 PM,06:40 PM,Giants at Reds,Great American Ball Park - Cincinnati,"",05/27/22,05/27/22,06:40 PM,09:40 PM,FALSE,TRUE,05/27/22,02:40 PM,05:40 PM,FREE,BUSY
05/28/22,01:10 PM,04:10 PM,Giants at Reds,Great American Ball Park - Cincinnati,"",05/28/22,05/28/22,04:10 PM,07:10 PM,FALSE,TRUE,05/28/22,12:10 PM,03:10 PM,FREE,BUSY
05/29/22,10:40 AM,01:40 PM,Giants at Reds,Great American Ball Park - Cincinnati,"",05/29/22,05/29/22,01:40 PM,04:40 PM,FALSE,TRUE,05/29/22,09:40 AM,12:40 PM,FREE,BUSY
05/30/22,01:05 PM,04:05 PM,Giants at Phillies,Citizens Bank Park - Philadelphia,"",05/30/22,05/30/22,04:05 PM,07:05 PM,FALSE,TRUE,05/30/22,12:05 PM,03:05 PM,FREE,BUSY
05/31/22,03:45 PM,06:45 PM,Giants at Phillies,Citizens Bank Park - Philadelphia,"",05/31/22,05/31/22,06:45 PM,09:45 PM,FALSE,TRUE,05/31/22,02:45 PM,05:45 PM,FREE,BUSY
06/01/22,03:05 PM,06:05 PM,Giants at Phillies,Citizens Bank Park - Philadelphia,"",06/01/22,06/01/22,06:05 PM,09:05 PM,FALSE,TRUE,06/01/22,02:05 PM,05:05 PM,FREE,BUSY
06/02/22,03:40 PM,06:40 PM,Giants at Marlins,loanDepot park - Miami,"",06/02/22,06/02/22,06:40 PM,09:40 PM,FALSE,TRUE,06/02/22,02:40 PM,05:40 PM,FREE,BUSY
06/03/22,03:40 PM,06:40 PM,Giants at Marlins,loanDepot park - Miami,"",06/03/22,06/03/22,06:40 PM,09:40 PM,FALSE,TRUE,06/03/22,02:40 PM,05:40 PM,FREE,BUSY
06/04/22,01:10 PM,04:10 PM,Giants at Marlins,loanDepot park - Miami,"",06/04/22,06/04/22,04:10 PM,07:10 PM,FALSE,TRUE,06/04/22,12:10 PM,03:10 PM,FREE,BUSY
06/05/22,10:40 AM,01:40 PM,Giants at Marlins,loanDepot park - Miami,"",06/05/22,06/05/22,01:40 PM,04:40 PM,FALSE,TRUE,06/05/22,09:40 AM,12:40 PM,FREE,BUSY
06/07/22,06:45 PM,09:45 PM,Rockies at Giants,Oracle Park - San Francisco,"",06/07/22,06/08/22,09:45 PM,12:45 AM,FALSE,TRUE,06/07/22,05:45 PM,08:45 PM,FREE,BUSY
06/08/22,06:45 PM,09:45 PM,Rockies at Giants,Oracle Park - San Francisco,"",06/08/22,06/09/22,09:45 PM,12:45 AM,FALSE,TRUE,06/08/22,05:45 PM,08:45 PM,FREE,BUSY
06/09/22,12:45 PM,03:45 PM,Rockies at Giants,Oracle Park - San Francisco,"",06/09/22,06/09/22,03:45 PM,06:45 PM,FALSE,TRUE,06/09/22,11:45 AM,02:45 PM,FREE,BUSY
06/10/22,07:15 PM,10:15 PM,Dodgers at Giants,Oracle Park - San Francisco,"",06/10/22,06/11/22,10:15 PM,01:15 AM,FALSE,TRUE,06/10/22,06:15 PM,09:15 PM,FREE,BUSY
06/11/22,04:15 PM,07:15 PM,Dodgers at Giants,Oracle Park - San Francisco,"",06/11/22,06/11/22,07:15 PM,10:15 PM,FALSE,TRUE,06/11/22,03:15 PM,06:15 PM,FREE,BUSY
06/12/22,01:05 PM,04:05 PM,Dodgers at Giants,Oracle Park - San Francisco,"",06/12/22,06/12/22,04:05 PM,07:05 PM,FALSE,TRUE,06/12/22,12:05 PM,03:05 PM,FREE,BUSY
06/13/22,06:45 PM,09:45 PM,Royals at Giants,Oracle Park - San Francisco,"",06/13/22,06/14/22,09:45 PM,12:45 AM,FALSE,TRUE,06/13/22,05:45 PM,08:45 PM,FREE,BUSY
06/14/22,06:45 PM,09:45 PM,Royals at Giants,Oracle Park - San Francisco,"",06/14/22,06/15/22,09:45 PM,12:45 AM,FALSE,TRUE,06/14/22,05:45 PM,08:45 PM,FREE,BUSY
06/15/22,12:45 PM,03:45 PM,Royals at Giants,Oracle Park - San Francisco,"",06/15/22,06/15/22,03:45 PM,06:45 PM,FALSE,TRUE,06/15/22,11:45 AM,02:45 PM,FREE,BUSY
06/17/22,04:05 PM,07:05 PM,Giants at Pirates,PNC Park - Pittsburgh,"",06/17/22,06/17/22,07:05 PM,10:05 PM,FALSE,TRUE,06/17/22,03:05 PM,06:05 PM,FREE,BUSY
06/18/22,01:05 PM,04:05 PM,Giants at Pirates,PNC Park - Pittsburgh,"",06/18/22,06/18/22,04:05 PM,07:05 PM,FALSE,TRUE,06/18/22,12:05 PM,03:05 PM,FREE,BUSY
06/19/22,10:35 AM,01:35 PM,Giants at Pirates,PNC Park - Pittsburgh,"",06/19/22,06/19/22,01:35 PM,04:35 PM,FALSE,TRUE,06/19/22,09:35 AM,12:35 PM,FREE,BUSY
06/20/22,04:20 PM,07:20 PM,Giants at Braves,Truist Park - Atlanta,"",06/20/22,06/20/22,07:20 PM,10:20 PM,FALSE,TRUE,06/20/22,03:20 PM,06:20 PM,FREE,BUSY
06/21/22,04:20 PM,07:20 PM,Giants at Braves,Truist Park - Atlanta,"",06/21/22,06/21/22,07:20 PM,10:20 PM,FALSE,TRUE,06/21/22,03:20 PM,06:20 PM,FREE,BUSY
06/22/22,04:20 PM,07:20 PM,Giants at Braves,Truist Park - Atlanta,"",06/22/22,06/22/22,07:20 PM,10:20 PM,FALSE,TRUE,06/22/22,03:20 PM,06:20 PM,FREE,BUSY
06/23/22,09:20 AM,12:20 PM,Giants at Braves,Truist Park - Atlanta,"",06/23/22,06/23/22,12:20 PM,03:20 PM,FALSE,TRUE,06/23/22,08:20 AM,11:20 AM,FREE,BUSY
06/24/22,07:15 PM,10:15 PM,Reds at Giants,Oracle Park - San Francisco,"",06/24/22,06/25/22,10:15 PM,01:15 AM,FALSE,TRUE,06/24/22,06:15 PM,09:15 PM,FREE,BUSY
06/25/22,04:15 PM,07:15 PM,Reds at Giants,Oracle Park - San Francisco,"",06/25/22,06/25/22,07:15 PM,10:15 PM,FALSE,TRUE,06/25/22,03:15 PM,06:15 PM,FREE,BUSY
06/26/22,01:05 PM,04:05 PM,Reds at Giants,Oracle Park - San Francisco,"",06/26/22,06/26/22,04:05 PM,07:05 PM,FALSE,TRUE,06/26/22,12:05 PM,03:05 PM,FREE,BUSY
06/28/22,06:45 PM,09:45 PM,Tigers at Giants,Oracle Park - San Francisco,"",06/28/22,06/29/22,09:45 PM,12:45 AM,FALSE,TRUE,06/28/22,05:45 PM,08:45 PM,FREE,BUSY
06/29/22,12:45 PM,03:45 PM,Tigers at Giants,Oracle Park - San Francisco,"",06/29/22,06/29/22,03:45 PM,06:45 PM,FALSE,TRUE,06/29/22,11:45 AM,02:45 PM,FREE,BUSY
07/01/22,07:15 PM,10:15 PM,White Sox at Giants,Oracle Park - San Francisco,"",07/01/22,07/02/22,10:15 PM,01:15 AM,FALSE,TRUE,07/01/22,06:15 PM,09:15 PM,FREE,BUSY
07/02/22,01:05 PM,04:05 PM,White Sox at Giants,Oracle Park - San Francisco,"",07/02/22,07/02/22,04:05 PM,07:05 PM,FALSE,TRUE,07/02/22,12:05 PM,03:05 PM,FREE,BUSY
07/03/22,01:05 PM,04:05 PM,White Sox at Giants,Oracle Park - San Francisco,"",07/03/22,07/03/22,04:05 PM,07:05 PM,FALSE,TRUE,07/03/22,12:05 PM,03:05 PM,FREE,BUSY
07/04/22,06:10 PM,09:10 PM,Giants at D-backs,Chase Field - Phoenix,"",07/04/22,07/05/22,09:10 PM,12:10 AM,FALSE,TRUE,07/04/22,05:10 PM,08:10 PM,FREE,BUSY
07/05/22,06:40 PM,09:40 PM,Giants at D-backs,Chase Field - Phoenix,"",07/05/22,07/06/22,09:40 PM,12:40 AM,FALSE,TRUE,07/05/22,05:40 PM,08:40 PM,FREE,BUSY
07/06/22,06:40 PM,09:40 PM,Giants at D-backs,Chase Field - Phoenix,"",07/06/22,07/07/22,09:40 PM,12:40 AM,FALSE,TRUE,07/06/22,05:40 PM,08:40 PM,FREE,BUSY
07/07/22,06:40 PM,09:40 PM,Giants at Padres,Petco Park - San Diego,"",07/07/22,07/08/22,09:40 PM,12:40 AM,FALSE,TRUE,07/07/22,05:40 PM,08:40 PM,FREE,BUSY
07/08/22,06:40 PM,09:40 PM,Giants at Padres,Petco Park - San Diego,"",07/08/22,07/09/22,09:40 PM,12:40 AM,FALSE,TRUE,07/08/22,05:40 PM,08:40 PM,FREE,BUSY
07/09/22,04:15 PM,07:15 PM,Giants at Padres,Petco Park - San Diego,"Local TV: FOX",07/09/22,07/09/22,07:15 PM,10:15 PM,FALSE,TRUE,07/09/22,03:15 PM,06:15 PM,FREE,BUSY
07/10/22,01:10 PM,04:10 PM,Giants at Padres,Petco Park - San Diego,"",07/10/22,07/10/22,04:10 PM,07:10 PM,FALSE,TRUE,07/10/22,12:10 PM,03:10 PM,FREE,BUSY
07/11/22,06:45 PM,09:45 PM,D-backs at Giants,Oracle Park - San Francisco,"",07/11/22,07/12/22,09:45 PM,12:45 AM,FALSE,TRUE,07/11/22,05:45 PM,08:45 PM,FREE,BUSY
07/12/22,06:45 PM,09:45 PM,D-backs at Giants,Oracle Park - San Francisco,"",07/12/22,07/13/22,09:45 PM,12:45 AM,FALSE,TRUE,07/12/22,05:45 PM,08:45 PM,FREE,BUSY
07/13/22,12:45 PM,03:45 PM,D-backs at Giants,Oracle Park - San Francisco,"",07/13/22,07/13/22,03:45 PM,06:45 PM,FALSE,TRUE,07/13/22,11:45 AM,02:45 PM,FREE,BUSY
07/14/22,06:45 PM,09:45 PM,Brewers at Giants,Oracle Park - San Francisco,"",07/14/22,07/15/22,09:45 PM,12:45 AM,FALSE,TRUE,07/14/22,05:45 PM,08:45 PM,FREE,BUSY
07/15/22,07:15 PM,10:15 PM,Brewers at Giants,Oracle Park - San Francisco,"",07/15/22,07/16/22,10:15 PM,01:15 AM,FALSE,TRUE,07/15/22,06:15 PM,09:15 PM,FREE,BUSY
07/16/22,04:15 PM,07:15 PM,Brewers at Giants,Oracle Park - San Francisco,"",07/16/22,07/16/22,07:15 PM,10:15 PM,FALSE,TRUE,07/16/22,03:15 PM,06:15 PM,FREE,BUSY
07/17/22,01:05 PM,04:05 PM,Brewers at Giants,Oracle Park - San Francisco,"",07/17/22,07/17/22,04:05 PM,07:05 PM,FALSE,TRUE,07/17/22,12:05 PM,03:05 PM,FREE,BUSY
07/21/22,07:09 PM,10:09 PM,Giants at Dodgers,Dodger Stadium - Los Angeles,"",07/21/22,07/22/22,10:09 PM,01:09 AM,FALSE,TRUE,07/21/22,06:09 PM,09:09 PM,FREE,BUSY
07/22/22,07:10 PM,10:10 PM,Giants at Dodgers,Dodger Stadium - Los Angeles,"",07/22/22,07/23/22,10:10 PM,01:10 AM,FALSE,TRUE,07/22/22,06:10 PM,09:10 PM,FREE,BUSY
07/23/22,04:15 PM,07:15 PM,Giants at Dodgers,Dodger Stadium - Los Angeles,"Local TV: FOX",07/23/22,07/23/22,07:15 PM,10:15 PM,FALSE,TRUE,07/23/22,03:15 PM,06:15 PM,FREE,BUSY
07/24/22,01:10 PM,04:10 PM,Giants at Dodgers,Dodger Stadium - Los Angeles,"",07/24/22,07/24/22,04:10 PM,07:10 PM,FALSE,TRUE,07/24/22,12:10 PM,03:10 PM,FREE,BUSY
07/25/22,06:40 PM,09:40 PM,Giants at D-backs,Chase Field - Phoenix,"",07/25/22,07/26/22,09:40 PM,12:40 AM,FALSE,TRUE,07/25/22,05:40 PM,08:40 PM,FREE,BUSY
07/26/22,06:40 PM,09:40 PM,Giants at D-backs,Chase Field - Phoenix,"",07/26/22,07/27/22,09:40 PM,12:40 AM,FALSE,TRUE,07/26/22,05:40 PM,08:40 PM,FREE,BUSY
07/27/22,12:40 PM,03:40 PM,Giants at D-backs,Chase Field - Phoenix,"",07/27/22,07/27/22,03:40 PM,06:40 PM,FALSE,TRUE,07/27/22,11:40 AM,02:40 PM,FREE,BUSY
07/28/22,06:45 PM,09:45 PM,Cubs at Giants,Oracle Park - San Francisco,"",07/28/22,07/29/22,09:45 PM,12:45 AM,FALSE,TRUE,07/28/22,05:45 PM,08:45 PM,FREE,BUSY
07/29/22,07:15 PM,10:15 PM,Cubs at Giants,Oracle Park - San Francisco,"",07/29/22,07/30/22,10:15 PM,01:15 AM,FALSE,TRUE,07/29/22,06:15 PM,09:15 PM,FREE,BUSY
07/30/22,06:05 PM,09:05 PM,Cubs at Giants,Oracle Park - San Francisco,"",07/30/22,07/31/22,09:05 PM,12:05 AM,FALSE,TRUE,07/30/22,05:05 PM,08:05 PM,FREE,BUSY
07/31/22,01:05 PM,04:05 PM,Cubs at Giants,Oracle Park - San Francisco,"",07/31/22,07/31/22,04:05 PM,07:05 PM,FALSE,TRUE,07/31/22,12:05 PM,03:05 PM,FREE,BUSY
08/01/22,06:45 PM,09:45 PM,Dodgers at Giants,Oracle Park - San Francisco,"",08/01/22,08/02/22,09:45 PM,12:45 AM,FALSE,TRUE,08/01/22,05:45 PM,08:45 PM,FREE,BUSY
08/02/22,06:45 PM,09:45 PM,Dodgers at Giants,Oracle Park - San Francisco,"",08/02/22,08/03/22,09:45 PM,12:45 AM,FALSE,TRUE,08/02/22,05:45 PM,08:45 PM,FREE,BUSY
08/03/22,06:45 PM,09:45 PM,Dodgers at Giants,Oracle Park - San Francisco,"",08/03/22,08/04/22,09:45 PM,12:45 AM,FALSE,TRUE,08/03/22,05:45 PM,08:45 PM,FREE,BUSY
08/04/22,12:45 PM,03:45 PM,Dodgers at Giants,Oracle Park - San Francisco,"",08/04/22,08/04/22,03:45 PM,06:45 PM,FALSE,TRUE,08/04/22,11:45 AM,02:45 PM,FREE,BUSY
08/06/22,04:07 PM,07:07 PM,Giants at Athletics,Oakland Coliseum - Oakland,"",08/06/22,08/06/22,07:07 PM,10:07 PM,FALSE,TRUE,08/06/22,03:07 PM,06:07 PM,FREE,BUSY
08/07/22,01:07 PM,04:07 PM,Giants at Athletics,Oakland Coliseum - Oakland,"",08/07/22,08/07/22,04:07 PM,07:07 PM,FALSE,TRUE,08/07/22,12:07 PM,03:07 PM,FREE,BUSY
08/08/22,06:40 PM,09:40 PM,Giants at Padres,Petco Park - San Diego,"",08/08/22,08/09/22,09:40 PM,12:40 AM,FALSE,TRUE,08/08/22,05:40 PM,08:40 PM,FREE,BUSY
08/09/22,06:40 PM,09:40 PM,Giants at Padres,Petco Park - San Diego,"",08/09/22,08/10/22,09:40 PM,12:40 AM,FALSE,TRUE,08/09/22,05:40 PM,08:40 PM,FREE,BUSY
08/10/22,01:10 PM,04:10 PM,Giants at Padres,Petco Park - San Diego,"",08/10/22,08/10/22,04:10 PM,07:10 PM,FALSE,TRUE,08/10/22,12:10 PM,03:10 PM,FREE,BUSY
08/12/22,07:15 PM,10:15 PM,Pirates at Giants,Oracle Park - San Francisco,"",08/12/22,08/13/22,10:15 PM,01:15 AM,FALSE,TRUE,08/12/22,06:15 PM,09:15 PM,FREE,BUSY
08/13/22,06:05 PM,09:05 PM,Pirates at Giants,Oracle Park - San Francisco,"",08/13/22,08/14/22,09:05 PM,12:05 AM,FALSE,TRUE,08/13/22,05:05 PM,08:05 PM,FREE,BUSY
08/14/22,01:05 PM,04:05 PM,Pirates at Giants,Oracle Park - San Francisco,"",08/14/22,08/14/22,04:05 PM,07:05 PM,FALSE,TRUE,08/14/22,12:05 PM,03:05 PM,FREE,BUSY
08/15/22,06:45 PM,09:45 PM,D-backs at Giants,Oracle Park - San Francisco,"",08/15/22,08/16/22,09:45 PM,12:45 AM,FALSE,TRUE,08/15/22,05:45 PM,08:45 PM,FREE,BUSY
08/16/22,06:45 PM,09:45 PM,D-backs at Giants,Oracle Park - San Francisco,"",08/16/22,08/17/22,09:45 PM,12:45 AM,FALSE,TRUE,08/16/22,05:45 PM,08:45 PM,FREE,BUSY
08/17/22,06:45 PM,09:45 PM,D-backs at Giants,Oracle Park - San Francisco,"",08/17/22,08/18/22,09:45 PM,12:45 AM,FALSE,TRUE,08/17/22,05:45 PM,08:45 PM,FREE,BUSY
08/18/22,12:45 PM,03:45 PM,D-backs at Giants,Oracle Park - San Francisco,"",08/18/22,08/18/22,03:45 PM,06:45 PM,FALSE,TRUE,08/18/22,11:45 AM,02:45 PM,FREE,BUSY
08/19/22,05:40 PM,08:40 PM,Giants at Rockies,Coors Field - Denver,"",08/19/22,08/19/22,08:40 PM,11:40 PM,FALSE,TRUE,08/19/22,04:40 PM,07:40 PM,FREE,BUSY
08/20/22,05:10 PM,08:10 PM,Giants at Rockies,Coors Field - Denver,"",08/20/22,08/20/22,08:10 PM,11:10 PM,FALSE,TRUE,08/20/22,04:10 PM,07:10 PM,FREE,BUSY
08/21/22,12:10 PM,03:10 PM,Giants at Rockies,Coors Field - Denver,"",08/21/22,08/21/22,03:10 PM,06:10 PM,FALSE,TRUE,08/21/22,11:10 AM,02:10 PM,FREE,BUSY
08/23/22,04:10 PM,07:10 PM,Giants at Tigers,Comerica Park - Detroit,"",08/23/22,08/23/22,07:10 PM,10:10 PM,FALSE,TRUE,08/23/22,03:10 PM,06:10 PM,FREE,BUSY
08/24/22,10:10 AM,01:10 PM,Giants at Tigers,Comerica Park - Detroit,"",08/24/22,08/24/22,01:10 PM,04:10 PM,FALSE,TRUE,08/24/22,09:10 AM,12:10 PM,FREE,BUSY
08/26/22,05:10 PM,08:10 PM,Giants at Twins,Target Field - Minneapolis,"",08/26/22,08/26/22,08:10 PM,11:10 PM,FALSE,TRUE,08/26/22,04:10 PM,07:10 PM,FREE,BUSY
08/27/22,04:15 PM,07:15 PM,Giants at Twins,Target Field - Minneapolis,"Local TV: FOX",08/27/22,08/27/22,07:15 PM,10:15 PM,FALSE,TRUE,08/27/22,03:15 PM,06:15 PM,FREE,BUSY
08/28/22,11:10 AM,02:10 PM,Giants at Twins,Target Field - Minneapolis,"",08/28/22,08/28/22,02:10 PM,05:10 PM,FALSE,TRUE,08/28/22,10:10 AM,01:10 PM,FREE,BUSY
08/29/22,06:45 PM,09:45 PM,Padres at Giants,Oracle Park - San Francisco,"",08/29/22,08/30/22,09:45 PM,12:45 AM,FALSE,TRUE,08/29/22,05:45 PM,08:45 PM,FREE,BUSY
08/30/22,06:45 PM,09:45 PM,Padres at Giants,Oracle Park - San Francisco,"",08/30/22,08/31/22,09:45 PM,12:45 AM,FALSE,TRUE,08/30/22,05:45 PM,08:45 PM,FREE,BUSY
08/31/22,12:45 PM,03:45 PM,Padres at Giants,Oracle Park - San Francisco,"",08/31/22,08/31/22,03:45 PM,06:45 PM,FALSE,TRUE,08/31/22,11:45 AM,02:45 PM,FREE,BUSY
09/02/22,07:15 PM,10:15 PM,Phillies at Giants,Oracle Park - San Francisco,"",09/02/22,09/03/22,10:15 PM,01:15 AM,FALSE,TRUE,09/02/22,06:15 PM,09:15 PM,FREE,BUSY
09/03/22,01:05 PM,04:05 PM,Phillies at Giants,Oracle Park - San Francisco,"",09/03/22,09/03/22,04:05 PM,07:05 PM,FALSE,TRUE,09/03/22,12:05 PM,03:05 PM,FREE,BUSY
09/04/22,01:05 PM,04:05 PM,Phillies at Giants,Oracle Park - San Francisco,"",09/04/22,09/04/22,04:05 PM,07:05 PM,FALSE,TRUE,09/04/22,12:05 PM,03:05 PM,FREE,BUSY
09/05/22,07:10 PM,10:10 PM,Giants at Dodgers,Dodger Stadium - Los Angeles,"",09/05/22,09/06/22,10:10 PM,01:10 AM,FALSE,TRUE,09/05/22,06:10 PM,09:10 PM,FREE,BUSY
09/06/22,07:10 PM,10:10 PM,Giants at Dodgers,Dodger Stadium - Los Angeles,"",09/06/22,09/07/22,10:10 PM,01:10 AM,FALSE,TRUE,09/06/22,06:10 PM,09:10 PM,FREE,BUSY
09/07/22,01:10 PM,04:10 PM,Giants at Dodgers,Dodger Stadium - Los Angeles,"",09/07/22,09/07/22,04:10 PM,07:10 PM,FALSE,TRUE,09/07/22,12:10 PM,03:10 PM,FREE,BUSY
09/08/22,01:10 PM,04:10 PM,Giants at Brewers,American Family Field - Milwaukee,"",09/08/22,09/08/22,04:10 PM,07:10 PM,FALSE,TRUE,09/08/22,12:10 PM,03:10 PM,FREE,BUSY
09/08/22,,,Giants at Brewers - Time TBD,American Family Field - Milwaukee,"",09/08/22,09/08/22,,,FALSE,TRUE,09/08/22,,,FREE,BUSY
09/09/22,01:05 PM,04:05 PM,Giants at Cubs,Wrigley Field - Chicago,"",09/09/22,09/09/22,04:05 PM,07:05 PM,FALSE,TRUE,09/09/22,12:05 PM,03:05 PM,FREE,BUSY
09/10/22,11:20 AM,02:20 PM,Giants at Cubs,Wrigley Field - Chicago,"",09/10/22,09/10/22,02:20 PM,05:20 PM,FALSE,TRUE,09/10/22,10:20 AM,01:20 PM,FREE,BUSY
09/11/22,11:20 AM,02:20 PM,Giants at Cubs,Wrigley Field - Chicago,"",09/11/22,09/11/22,02:20 PM,05:20 PM,FALSE,TRUE,09/11/22,10:20 AM,01:20 PM,FREE,BUSY
09/12/22,06:45 PM,09:45 PM,Braves at Giants,Oracle Park - San Francisco,"",09/12/22,09/13/22,09:45 PM,12:45 AM,FALSE,TRUE,09/12/22,05:45 PM,08:45 PM,FREE,BUSY
09/13/22,06:45 PM,09:45 PM,Braves at Giants,Oracle Park - San Francisco,"",09/13/22,09/14/22,09:45 PM,12:45 AM,FALSE,TRUE,09/13/22,05:45 PM,08:45 PM,FREE,BUSY
09/14/22,12:45 PM,03:45 PM,Braves at Giants,Oracle Park - San Francisco,"",09/14/22,09/14/22,03:45 PM,06:45 PM,FALSE,TRUE,09/14/22,11:45 AM,02:45 PM,FREE,BUSY
09/16/22,07:15 PM,10:15 PM,Dodgers at Giants,Oracle Park - San Francisco,"",09/16/22,09/17/22,10:15 PM,01:15 AM,FALSE,TRUE,09/16/22,06:15 PM,09:15 PM,FREE,BUSY
09/17/22,06:05 PM,09:05 PM,Dodgers at Giants,Oracle Park - San Francisco,"",09/17/22,09/18/22,09:05 PM,12:05 AM,FALSE,TRUE,09/17/22,05:05 PM,08:05 PM,FREE,BUSY
09/18/22,01:05 PM,04:05 PM,Dodgers at Giants,Oracle Park - San Francisco,"",09/18/22,09/18/22,04:05 PM,07:05 PM,FALSE,TRUE,09/18/22,12:05 PM,03:05 PM,FREE,BUSY
09/19/22,05:40 PM,08:40 PM,Giants at Rockies,Coors Field - Denver,"",09/19/22,09/19/22,08:40 PM,11:40 PM,FALSE,TRUE,09/19/22,04:40 PM,07:40 PM,FREE,BUSY
09/20/22,05:40 PM,08:40 PM,Giants at Rockies,Coors Field - Denver,"",09/20/22,09/20/22,08:40 PM,11:40 PM,FALSE,TRUE,09/20/22,04:40 PM,07:40 PM,FREE,BUSY
09/21/22,05:40 PM,08:40 PM,Giants at Rockies,Coors Field - Denver,"",09/21/22,09/21/22,08:40 PM,11:40 PM,FALSE,TRUE,09/21/22,04:40 PM,07:40 PM,FREE,BUSY
09/22/22,12:10 PM,03:10 PM,Giants at Rockies,Coors Field - Denver,"",09/22/22,09/22/22,03:10 PM,06:10 PM,FALSE,TRUE,09/22/22,11:10 AM,02:10 PM,FREE,BUSY
09/23/22,06:40 PM,09:40 PM,Giants at D-backs,Chase Field - Phoenix,"",09/23/22,09/24/22,09:40 PM,12:40 AM,FALSE,TRUE,09/23/22,05:40 PM,08:40 PM,FREE,BUSY
09/24/22,05:10 PM,08:10 PM,Giants at D-backs,Chase Field - Phoenix,"",09/24/22,09/24/22,08:10 PM,11:10 PM,FALSE,TRUE,09/24/22,04:10 PM,07:10 PM,FREE,BUSY
09/25/22,01:10 PM,04:10 PM,Giants at D-backs,Chase Field - Phoenix,"",09/25/22,09/25/22,04:10 PM,07:10 PM,FALSE,TRUE,09/25/22,12:10 PM,03:10 PM,FREE,BUSY
09/27/22,06:45 PM,09:45 PM,Rockies at Giants,Oracle Park - San Francisco,"",09/27/22,09/28/22,09:45 PM,12:45 AM,FALSE,TRUE,09/27/22,05:45 PM,08:45 PM,FREE,BUSY
09/28/22,06:45 PM,09:45 PM,Rockies at Giants,Oracle Park - San Francisco,"",09/28/22,09/29/22,09:45 PM,12:45 AM,FALSE,TRUE,09/28/22,05:45 PM,08:45 PM,FREE,BUSY
09/29/22,06:45 PM,09:45 PM,Rockies at Giants,Oracle Park - San Francisco,"",09/29/22,09/30/22,09:45 PM,12:45 AM,FALSE,TRUE,09/29/22,05:45 PM,08:45 PM,FREE,BUSY
09/30/22,07:15 PM,10:15 PM,D-backs at Giants,Oracle Park - San Francisco,"",09/30/22,10/01/22,10:15 PM,01:15 AM,FALSE,TRUE,09/30/22,06:15 PM,09:15 PM,FREE,BUSY
10/01/22,01:05 PM,04:05 PM,D-backs at Giants,Oracle Park - San Francisco,"",10/01/22,10/01/22,04:05 PM,07:05 PM,FALSE,TRUE,10/01/22,12:05 PM,03:05 PM,FREE,BUSY
10/02/22,01:05 PM,04:05 PM,D-backs at Giants,Oracle Park - San Francisco,"",10/02/22,10/02/22,04:05 PM,07:05 PM,FALSE,TRUE,10/02/22,12:05 PM,03:05 PM,FREE,BUSY
10/03/22,06:40 PM,09:40 PM,Giants at Padres,Petco Park - San Diego,"",10/03/22,10/04/22,09:40 PM,12:40 AM,FALSE,TRUE,10/03/22,05:40 PM,08:40 PM,FREE,BUSY
10/04/22,06:40 PM,09:40 PM,Giants at Padres,Petco Park - San Diego,"",10/04/22,10/05/22,09:40 PM,12:40 AM,FALSE,TRUE,10/04/22,05:40 PM,08:40 PM,FREE,BUSY
10/05/22,,,Giants at Padres - Time TBD,Petco Park - San Diego,"",10/05/22,10/05/22,,,FALSE,TRUE,10/05/22,,,FREE,BUSY
